Pub,Pub_loc,Pub_loc_lat,Pub_loc_lng,Trans_Worked,Total_Trans,Total_Trans_Ttl
21. Yüzyıl,Ankara,39.91987,32.85427,Mustafa Everdi,1,1
A,İstanbul,41.01384,28.94966,Refi Cevat Ulunay,1,1
A Selection,İstanbul,41.01384,28.94966,Mevlüt Ceylan,1,1
A. Costagliola,"Kahire, Mısır",30.06263,31.24967,Abdullah Cevdet,1,1
A. Maviyan Şirket-i Mürettibiye,İstanbul,41.01384,28.94966,Fazlı Necip,1,1
ABC,İstanbul,41.01384,28.94966,"Halit Fahri Ozansoy, Burhan Arpad, Salah Birsel",3,3
Abajoli,İstanbul,41.01384,28.94966,Hüseyin Rıfat (Işıl),1,1
Acaoğlu,İstanbul,41.01384,28.94966,Attila İlhan,1,1
Ad,İstanbul,41.01384,28.94966,İrfan Yalçın,1,1
Ada,İstanbul,41.01384,28.94966,"Ferit Edgü, Tomris Uyar, Turgay Gönenç, Orhan Duru, Pınar Kür, Onat Kutlar",6,6
Adam,İstanbul,41.01384,28.94966,"Oktay Rifat, Mina Urgan, A. Turan Oflazoğlu, İlhan Berk, İsmet Zeki Eyüboğlu, Cevat Çapan, Tomris Uyar, Cemal Süreya Seber, Ataol Behramoğlu, İnci Asena, Azer Yaran, Ahmet Yorulmaz, Adnan Özer, Necmi Zeka, Şavkar Altınel, Roni Margulies, Suphi Aytimur, Kenan Sarıalioğlu, Ahmet Necdet Sözer",19,41
Afa,İstanbul,41.01384,28.94966,"Tomris Uyar, Münir Göle, Ahmet Cemal, Şükran Yücel",4,5
Afyon Gazetesi,İstanbul,41.01384,28.94966,Şemsettin Ünlü,1,1
Aganta Kitap,İstanbul,41.01384,28.94966,Tülin Er,1,1
Ahmed Kemal,İstanbul,41.01384,28.94966,Süleyman Tevfik Özzorluoğlu,1,1
Ahmet Hamdi,Trabzon,41.005,39.72694,Mustafa Yazıcı,1,1
Ahmet Sait,İstanbul,41.01384,28.94966,"Halit Fahri Ozansoy, Sadri Ertem, Ali Nihad Tarlan",3,3
Ahmet Sait Kütüphanesi,İstanbul,41.01384,28.94966,Salih Zeki Aktay,1,1
Ahter,İstanbul,41.01384,28.94966,"Mahmut Sadık, Ahmet Hikmet Müftüoğlu",2,2
Ak,İstanbul,41.01384,28.94966,Şerif Kurbanoğlu,1,1
Akademi,İzmir,38.41273,27.13838,Ayşe İlker,1,1
Akba,Ankara,39.91987,32.85427,"Nurullah Ataç, Refi Cevat Ulunay, Faik Dranaz, Adnan Tahir Tan",4,4
Akka,İstanbul,41.01384,28.94966,Burhan Arpad,1,1
Akra Kitabevi,İstanbul,41.01384,28.94966,Nurettin Artam,1,1
Akyüz,İstanbul,41.01384,28.94966,Füruzan Toprak,1,1
Akçağ,Ankara,39.91987,32.85427,"Mustafa Miyasoğlu, Hüseyin Alacatlı",2,6
Akşam,İstanbul,41.01384,28.94966,Selami İzzet Sedes,1,1
Akşam Kitap Kulübü,İstanbul,41.01384,28.94966,Abdülkadir Meriçboyu,1,1
Akşam Kütüphanesi,İstanbul,41.01384,28.94966,"Halit Fahri Ozansoy, Selami İzzet Sedes",2,4
Alaeddin Kıral,Ankara,39.91987,32.85427,"Besim Atalay, Niyazi Berkes",2,2
Alakarga Sanat,İstanbul,41.01384,28.94966,Münir Göle,1,1
Alaz,İstanbul,41.01384,28.94966,"Erdoğan Alkan, Gürkal Aylan",2,8
Alfa,İstanbul,41.01384,28.94966,Osman Akınhay,1,1
Ali Alkan,İzmir,38.41273,27.13838,Halil Bedii Fırat,1,1
Ali Şükrü,İstanbul,41.01384,28.94966,"Ali Rıza Seyfi, Mehmet Akif Ersoy",2,2
Alkım,İstanbul,41.01384,28.94966,"Özdemir Nutku, Murat Batmankaya",2,2
Altıkırkbeş,İstanbul,41.01384,28.94966,"Oruç Aruoba, Fahri Öz, Alper Çeker, Ece Gamze Atıcı",4,9
Altın Kitaplar,İstanbul,41.01384,28.94966,"Burhan Arpad, Adnan Tahir Tan, Faruk Gürtunca, Mina Urgan, Burhan Felek, K.- Tarık Dursun, Sait Maden, Tahir Alangu, Ahmet Kabaklı, Tomris Uyar, Cemal Süreya Seber, Attila İlhan, Erdoğan Alkan, ÖMÜR CANDAŞ, İpek Ongun, Sevin Okyay, Aziz Çalışlar, Seyfettin Turhan, Özkan Mert",19,34
Anadolu Çevirmenler ve Yazarlar Yayın Üretim Kooperatifi,Ankara,39.91987,32.85427,Azer Yaran,1,1
Anfa,İstanbul,41.01384,28.94966,Münir Göle,1,1
Anka Kitabevi,Ankara,39.91987,32.85427,Sabahattin Ali,1,1
Ankara Enstitüsü Vakfı,Ankara,39.91987,32.85427,Kudret Recep Emiroğlu,1,1
Ankara Öğretmenler Yardımlaşma Derneği,Ankara,39.91987,32.85427,Edeb Mahir Yalnız,1,1
Ankara Üniversitesi,Ankara,39.91987,32.85427,"Mehmet Nuri Gençosmanoğlu, Ali Püsküllüoğlu",2,2
Ankara Üniversitesi DTCF,Ankara,39.91987,32.85427,Osman Turan,1,1
Ant,İstanbul,41.01384,28.94966,"Cemal Süreya Seber, Tektaş Ağaoğlu",2,4
Anten,İstanbul,41.01384,28.94966,Adnan Tahir Tan,1,11
Anvil Press,"Londra, İngiltere",51.50853,-0.12574,Talat Sait Halman,1,1
Apollon,İstanbul,41.01384,28.94966,Kenan Sarıalioğlu,1,3
Ara-Lık,İzmir,38.41273,27.13838,Kenan Sarıalioğlu,1,1
Araks,İstanbul,41.01384,28.94966,"Avanzade Mehmet Süleyman, Süleyman Tevfik Özzorluoğlu",2,3
Ararat,İstanbul,41.01384,28.94966,Asım Bezirci,1,1
Argonavt Gazetesi,"Paris, Fransa",48.85341,2.3488,Mehemmed- Ağa Şahtahtlı,1,1
Arif Bolat Kitapevi,İstanbul,41.01384,28.94966,"Hakkı Süha Gezgin, Burhan Arpad, Adnan Tahir Tan, Cemil Meriç, Cevdet Perin",5,11
Arion,İstanbul,41.01384,28.94966,"Kriton Dinçmen, Murat Aykaç Erginöz",2,5
Ark Kitapları,İstanbul,41.01384,28.94966,Murat Aykaç Erginöz,1,5
Arkadaş,İstanbul,41.01384,28.94966,"Tomris Uyar, Feride Çiçekoğlu",2,3
Arkeoloji ve Sanat,İstanbul,41.01384,28.94966,Rüstem Aslan,1,1
Arkın,İstanbul,41.01384,28.94966,İsmet Zeki Eyüboğlu,1,1
Arpad,İstanbul,41.01384,28.94966,Burhan Arpad,1,2
Artemis,İstanbul,41.01384,28.94966,"Bilgin Adalı, Engin Karadeniz",2,8
Artin Asadoryan Şirket-i Mürettebiye,İstanbul,41.01384,28.94966,Muallim Naci,1,1
Artin Asadoryan Şirket-i Mürettibiye,İstanbul,41.01384,28.94966,"Beşir Fuat, Ahmet Rasim",2,2
Artin Asaduryan Şirket-i Mürettibiye,İstanbul,41.01384,28.94966,"Ali Kemal, Hüseyin Rahmi Gürpınar",2,2
Artshop,İstanbul,41.01384,28.94966,"Mustafa Balel, Kemal Özer, Gürkal Aylan, Metin Cengiz, Metin Fındıkçı, Ayten Mutlu, İlyas Tunç",7,19
Askeri,İstanbul,41.01384,28.94966,Ali Rıza Seyfi,1,1
Aslımlar,Ankara,39.91987,32.85427,Feride Çiçekoğlu,1,1
Asır Kütüphanesi,İstanbul,41.01384,28.94966,"Ahmet Rasim, Muallim Naci, Fazlı Necip, Mahmut Sadık, Ali (Direktör), Fatma Aliye, Abdullah Zühtü, Abdülgani Seniy Yurtman, Avanzade Mehmet Süleyman, Celal Esat Arseven, Ayanzade Namık Ekrem, Müfit Ratip",12,34
Ataç,İstanbul,41.01384,28.94966,"Fikret Adil, Şerif Kurbanoğlu, Mehmet Nuri Gençosmanoğlu, Necati Cumalı, Asım Bezirci, Ferit Edgü, İsmet Zeki Eyüboğlu, Kamuran Şipal, Turgay Gönenç",9,13
Ateş Böceği,İstanbul,41.01384,28.94966,Ömer Polat,1,1
Atlas Kitap,Ankara,39.91987,32.85427,"Hicabi Kırlangıç, İbrahim Demirci, Süleyman Sahra",3,3
Avcıol,İstanbul,41.01384,28.94966,"Nejat Muallimoğlu, Ayşe Tunceroğlu",2,2
Ay,İstanbul,41.01384,28.94966,Selami İzzet Sedes,1,5
Aylak Adam,İstanbul,41.01384,28.94966,Hakan Akdoğan,1,1
Ayraç,Ankara,39.91987,32.85427,Fahri Öz,1,2
Ayrıntı,İstanbul,41.01384,28.94966,"Cevat Çapan, Tomris Uyar, Mustafa Balel, Osman Akınhay, Fahri Öz, Gün Zileli, Ahmet Necdet Sözer, Başar Sabuncu",8,19
Ayyıldız,Ankara,39.91987,32.85427,"Besim Atalay, Edeb Mahir Yalnız",2,2
Azerbaycan Medeni Rabıta Cemiyeti,"Bakü, Azerbaycan",40.37767,49.89201,Samed Vurgun,1,1
Ağaoğlu,İstanbul,41.01384,28.94966,"Tektaş Ağaoğlu, İzzet Yasar, Fahri Erdinç",3,6
BDS,İstanbul,41.01384,28.94966,Ömer Ateş Kızıltuğ,1,1
BFS,İstanbul,41.01384,28.94966,Oruç Aruoba,1,1
Bab-ı Ali Karşısında 57 numaralı matbaa,İstanbul,41.01384,28.94966,Ahmet Vefik Paşa,1,1
Babıali Kültür Yayıncılığı,İstanbul,41.01384,28.94966,Ayşe Tunceroğlu,1,2
Babıalide Sabah Gazetesi,İstanbul,41.01384,28.94966,Necip Fazıl Kısakürek,1,1
Baha,İstanbul,41.01384,28.94966,Halit Fahri Ozansoy,1,1
Bahar,İstanbul,41.01384,28.94966,Talat Sait Halman,1,1
Bahariye,"Bakü, Azerbaycan",40.37767,49.89201,Ali Hüseyin (Hüseyinzade) Turan,1,1
Bahriye,İstanbul,41.01384,28.94966,"Ahmet Mithat Efendi, Muallim Naci",2,2
Banka ve Ticaret Hukuku Araştırma Enstitüsü,Ankara,39.91987,32.85427,Selçuk Baran,1,1
Bağlam,İstanbul,41.01384,28.94966,"Hilmi Yavuz, Tuğba Doğan",2,3
Başvekalet İstatistik Umum Müdürlüğü,Ankara,39.91987,32.85427,Enis Behiç Koryürek,1,5
Becid,İstanbul,41.01384,28.94966,Orhan Burian,1,1
Bedir,İstanbul,41.01384,28.94966,"Refik Özdek, Rasim Özdenören, Nejat Muallimoğlu",3,5
Belge,İstanbul,41.01384,28.94966,"Orhan Koçak, Ahmet Yorulmaz, Pınar Selek, Panayot Abacı, Emir Ali Yağan",5,6
Bence Kitap,Ankara,39.91987,32.85427,İlyas Tunç,1,1
Bengü,Ankara,39.91987,32.85427,Mukay Elebayev,1,2
Berfin,İstanbul,41.01384,28.94966,"Abdullah Rıza Ergüven, Sedat Umran, Metin İlkin",3,5
Berkalp Kitabevi,İstanbul,41.01384,28.94966,M. Türker Acaroğlu,1,1
Beyan,İstanbul,41.01384,28.94966,"Ahmet Kot, Belma Aksun, Seyfettin Ünlü, Osman Koca",4,5
Beyaz Balina,İstanbul,41.01384,28.94966,Murat Batmankaya,1,3
Bibliotheca Islamica,"Minneapolis, Minnesota, ABD",44.97997,-93.26384,Talat Sait Halman,1,1
Bilgi,Ankara,39.91987,32.85427,"Salah Birsel, A. Turan Oflazoğlu, K.- Tarık Dursun, Tomris Uyar, Güner Sümer, Cemal Süreya Seber, Tezer Özlü, Özcan Oğuz Yalım, Selim İleri, Halikarnas Balıkçısı (Musa Cevat Şakir Kabaağaçlı)",10,23
Bilim Felsefe,İstanbul,41.01384,28.94966,İsmet Zeki Eyüboğlu,1,1
Bilim Felsefe ve Sanat,İstanbul,41.01384,28.94966,Oruç Aruoba,1,1
Bilim ve Sanat,Ankara,39.91987,32.85427,Osman Akınhay,1,1
Bir,İstanbul,41.01384,28.94966,Hüseyin Hatemi,1,1
Birey,İstanbul,41.01384,28.94966,Sedat Umran,1,1
Birleşik,İstanbul,41.01384,28.94966,"Sedat Umran, Nejat Muallimoğlu",2,4
Bonniers,"Varşova, Polonya",52.22977,21.01178,Lütfi Özkök,1,1
Bordo Siyah,İstanbul,41.01384,28.94966,Kenan Sarıalioğlu,1,1
Boyner,İstanbul,41.01384,28.94966,Ayfer Gürdal Ünal,1,1
Boyut,İstanbul,41.01384,28.94966,"Orhan Duru, Erdal Alova, Ahmet Yorulmaz",3,3
Bozkurt,İstanbul,41.01384,28.94966,"Süleyman Tevfik Özzorluoğlu, Selami Münir Yurdatap, Şerafettin Yaltkaya",3,5
Bozok,İstanbul,41.01384,28.94966,Burhan Arpad,1,1
Boğaziçi,İstanbul,41.01384,28.94966,Refik Özdek,1,2
Boğaziçi Üniversitesi,İstanbul,41.01384,28.94966,"Lütfullah Sami Akalın, Gün Zileli",2,2
Broy,İstanbul,41.01384,28.94966,"Salah Birsel, Erdoğan Alkan, Kemal Özer, Metin Cengiz, Füsun Erbulak",5,7
Buhara,İstanbul,41.01384,28.94966,Selami Şimşek,1,2
Bulut,İstanbul,41.01384,28.94966,Fatih Erdoğan,1,2
Burhanettin Erenler,İstanbul,41.01384,28.94966,Besim Atalay,1,1
Burçak,İstanbul,41.01384,28.94966,M. Şevki Yazman,1,1
CHP,Ankara,39.91987,32.85427,Ali Nihad Tarlan,1,1
CHP Halkevleri,Ankara,39.91987,32.85427,Ali Süha Delilbaşı,1,1
Camlı Han,İstanbul,41.01384,28.94966,Şemsettin Sami,1,1
Can,İstanbul,41.01384,28.94966,"Burhan Arpad, Cevat Çapan, Şadan Karadeniz, Tomris Uyar, Pınar Kür, Mehmet H. Doğan, Erdal Alova, Bilgin Adalı, Adnan Özer, Şavkar Altınel, Necla Işık, Onat Kutlar, Münir Göle, Selçuk Baran, Ramis Dara, Sevgi Sanlı, Fatih Özgüven, Ayşe Sarısayın",18,58
Cem,İstanbul,41.01384,28.94966,"Nurullah Ataç, Şerif Kurbanoğlu, Burhan Arpad, Melih Cevdet Anday, Va-nû Müzehher, Necati Cumalı, Talat Sait Halman, A. Turan Oflazoğlu, K.- Tarık Dursun, Sait Maden, Tahir Alangu, Kamuran Şipal, Cevat Çapan, Tomris Uyar, Cemal Süreya Seber, Sabahattin Kudret Aksal, Ataol Behramoğlu, Hilmi Yavuz, Aydın Arıt, M. Bozkurt Güvenç, Ömer Polat, Vartan İhmalyan, Azra Erhat, Erdal Öz, Adnan Özyalçıner",25,44
Cemal Efendi,İstanbul,41.01384,28.94966,"Ahmet Rasim, Mustafa Reşit, Mahmut Sadık, Ahmet Hikmet Müftüoğlu, Halit Eyüp (Yenişehirlizade)",5,6
Cemiyet,İstanbul,41.01384,28.94966,Selami Münir Yurdatap,1,1
Cemiyet-i İlmiye ve Osmaniye,İstanbul,41.01384,28.94966,Münif Paşa,1,1
Cep,İstanbul,41.01384,28.94966,"M. Bozkurt Güvenç, Füsun Erbulak",2,2
Ceridehane,İstanbul,41.01384,28.94966,Münif Paşa,1,1
Ceylan,İstanbul,41.01384,28.94966,"Burhan Arpad, Fatih Erdoğan",2,2
Cezaevi,Ankara,39.91987,32.85427,Nurettin Sevin,1,1
Charioteer Press,"Washington, Kolumbiya Bölgesi, ABD",38.89511,-77.03637,Talat Sait Halman,1,1
Chiviyazıları,İstanbul,41.01384,28.94966,Kenan Sarıalioğlu,1,2
Ciddi Eserler Kütüphanesi,İstanbul,41.01384,28.94966,Ali Rıza Seyfi,1,1
Cihan,İstanbul,41.01384,28.94966,"Ahmet Vefik Paşa, Peyami Safa, Remzi Oğuz Arık, Feyzullah Sacit Ülkü",4,6
Civelekyan,İstanbul,41.01384,28.94966,Ahmet Vefik Paşa,1,1
Compos Mentis,İstanbul,41.01384,28.94966,Cem Atbaşoğlu,1,1
Core Publications,"Londra, İngiltere",51.50853,-0.12574,Mevlüt Ceylan,1,3
Corinth Books,"New York, ABD",40.71427,-74.00597,Talat Sait Halman,1,1
Cross-Cultural Communications,"New York, ABD",40.71427,-74.00597,Talat Sait Halman,1,1
Cumhuriyet,Ankara,39.91987,32.85427,"Mitat Enç, Oktay Rifat, Ataol Behramoğlu, Azer Yaran",4,4
Cümle,Ankara,39.91987,32.85427,Rüstem Aslan,1,1
Daire-i Askeriye,İstanbul,41.01384,28.94966,Mehmed Fahri Paşa,1,1
Damar,İstanbul,41.01384,28.94966,Asım Bezirci,1,1
De,İstanbul,41.01384,28.94966,"Asım Bezirci, Sait Maden, Cevat Çapan, Tomris Uyar, Cemal Süreya Seber, Tektaş Ağaoğlu, Sabahattin Kudret Aksal, Erdoğan Alkan, Fahri Erdinç, Kemal Özer, Adnan Özer",11,19
Deli Dolu,İstanbul,41.01384,28.94966,Cevat Çapan,1,1
Demet,İstanbul,41.01384,28.94966,Azmi Nihad Erman,1,2
Deng,İstanbul,41.01384,28.94966,Cemal Süreya Seber,1,1
Deniz,İstanbul,41.01384,28.94966,"Ali Rıza Seyfi, Tomris Uyar, Selman Mine, Nahit Kayabaşı",4,8
Deniz Kuvvetleri Komutanlığı,İstanbul,41.01384,28.94966,İskender Pala,1,3
Denizler,İstanbul,41.01384,28.94966,Murat Çulcu,1,1
Dergah,İstanbul,41.01384,28.94966,"Ahmet Hamdi Tanpınar, M. Orhan Okay",2,2
Derinlik,İstanbul,41.01384,28.94966,Sait Maden,1,1
Devlet,İstanbul,41.01384,28.94966,"Abdullah Cevdet, İbrahim Alaettin Gövsa, Reşat Nuri Güntekin, Ruşen Eşref Ünaydın",4,7
Devlet Kitapları,Ankara,39.91987,32.85427,Şadan Karadeniz,1,1
Devlet Tiyatroları,Ankara,39.91987,32.85427,Özdemir Nutku,1,1
Deyiş,İstanbul,41.01384,28.94966,Erdoğan Alkan,1,1
Dharma,İstanbul,41.01384,28.94966,"Refik Algan, Kenan Sarıalioğlu",2,6
Digraf,İstanbul,41.01384,28.94966,Metin Fındıkçı,1,1
Diriliş,İstanbul,41.01384,28.94966,Sezai Karakoç,1,3
Dirimart,İstanbul,41.01384,28.94966,Necmi Zeka,1,1
Diyanet İşleri Başkanlığı,Ankara,39.91987,32.85427,"Mehmet Fuat Köprülü, M. Orhan Okay",2,2
Dizgi Ofset,Konya,37.87135,32.48464,İlhan Yardımcı,1,1
Domingo,İstanbul,41.01384,28.94966,"Sevin Okyay, Solmaz Kamuran",2,3
Doruk,İstanbul,41.01384,28.94966,Aytekin Karaçoban,1,1
Dost,Ankara,39.91987,32.85427,"Şerif Kurbanoğlu, Talat Sait Halman, Erhan Bener, Şadan Karadeniz, Tomris Uyar, Şükran Yücel, Levent Yılmaz, Fahri Öz, Korhan Kaya",9,18
Dostlar Tiyatrosu,İstanbul,41.01384,28.94966,Teoman Aktürel,1,1
Doğan Egmont,İstanbul,41.01384,28.94966,Murat Batmankaya,1,13
Doğan Kardeş,İstanbul,41.01384,28.94966,"Reşat Nuri Güntekin, Mebrure Sami Alevok (Koray), Besim Atalay, Burhan Arpad, Talat Sait Halman, Tahir Alangu",6,6
Doğan Kitap,İstanbul,41.01384,28.94966,"Ataol Behramoğlu, İnci Asena, Necla Işık, Tülin Er",4,4
Doğanlar,İzmir,38.41273,27.13838,Naci Sadullah,1,1
Doğuş,Ankara,39.91987,32.85427,Ömer Doğan Öztürkmen,1,1
Dönem,İstanbul,41.01384,28.94966,"Cemil Meriç, Asım Bezirci, A. Turan Oflazoğlu, Cemal Süreya Seber",4,6
Dün ve Yarın Tercüme Külliyatı,İstanbul,41.01384,28.94966,Salih Zeki Aktay,1,1
Dün-Bugün,Ankara,39.91987,32.85427,Doğan Aksan,1,1
Dünya,İstanbul,41.01384,28.94966,"Sait Maden, Cevat Çapan, Aytekin Karaçoban, Kenan Sarıalioğlu, Ahmet Necdet Sözer, Metin Fındıkçı",6,6
Dünya Gazetesi,İstanbul,41.01384,28.94966,Şemsettin Ünlü,1,1
Dünya Kitapları,İstanbul,41.01384,28.94966,Necla Işık,1,1
Düş Gemisi,İstanbul,41.01384,28.94966,Derya Önder,1,2
Düşün,İstanbul,41.01384,28.94966,"Burhan Arpad, Mazhar Candan",2,3
Düşünce,İstanbul,41.01384,28.94966,Hüseyin Hatemi,1,1
E,İstanbul,41.01384,28.94966,"Cevat Çapan, Cemal Süreya Seber, Tezer Özlü, İzzet Yasar, Pınar Kür",5,6
Ebabil,İstanbul,41.01384,28.94966,İbrahim Demirci,1,1
Edebiyat Dergisi,Ankara,39.91987,32.85427,Nuri Pakdil,1,7
Edisam,İstanbul,41.01384,28.94966,Adnan Özer,1,1
Ekicigil,İstanbul,41.01384,28.94966,"Adnan Tahir Tan, Asım Bezirci, Ümit Deniz",3,8
Ekim,Ankara,39.91987,32.85427,"Ataol Behramoğlu, Hicabi Kırlangıç",2,2
Ekim yay,Ankara,39.91987,32.85427,Ergin Günçe,1,1
El-Adl,İstanbul,41.01384,28.94966,Süleyman Tevfik Özzorluoğlu,1,1
Elif,İstanbul,41.01384,28.94966,İsmet Zeki Eyüboğlu,1,1
Elips Kitap,İstanbul,41.01384,28.94966,Cevdet Perin,1,1
Eminönü Halkevi,İstanbul,41.01384,28.94966,Orhan Şaik Gökyay,1,1
Ensa,İzmir,38.41273,27.13838,Şaban Mahmudoğlu Kalkan,1,1
Era,İstanbul,41.01384,28.94966,Dost Körpe,1,1
Erdem,İstanbul,41.01384,28.94966,Şerif Benekçi,1,1
Erenler,İstanbul,41.01384,28.94966,Selman Mine,1,1
Erkan-ı Harbiye-i Umumiye,İstanbul,41.01384,28.94966,Ali Rıza Seyfi,1,1
Erkan-ı Harbiyye-i Umumiyye,İstanbul,41.01384,28.94966,Hasan Cemil Çambel,1,1
Esi,İstanbul,41.01384,28.94966,ÖMÜR CANDAŞ,1,1
Etkin,Ankara,39.91987,32.85427,A. Mümtaz İdil,1,1
Everest,İstanbul,41.01384,28.94966,"Burhan Arpad, İnci Asena, Bilgin Adalı, Osman Akınhay, Levent Yılmaz, Aytekin Karaçoban, Murat Batmankaya, Ahmet Necdet Sözer, Ayşe Sarısayın",9,11
Evkaf,İstanbul,41.01384,28.94966,"Avanzade Mehmet Süleyman, Hüseyin Daniş, Hüseyin Rıfat (Işıl)",3,8
Evkaf-ı İslamiyye,İstanbul,41.01384,28.94966,"Mehmet Akif Ersoy, Ahmet Remzi Akyürek",2,2
Evran,İstanbul,41.01384,28.94966,Burhan Arpad,1,1
Evrensel,İstanbul,41.01384,28.94966,"M. Türker Acaroğlu, Burhan Arpad, Mustafa Balel, Erdal Alova, Necla Işık, Orhan Alkaya",6,9
Fahir Onger,İstanbul,41.01384,28.94966,"Burhan Arpad, Cemal Süreya Seber",2,4
Fata Morgana,"Paris, Fransa",48.85341,2.3488,Güzin Dino,1,1
Fikir,İstanbul,41.01384,28.94966,Rasim Özdenören,1,1
Furkan,İstanbul,41.01384,28.94966,MECDİ- Abdülaziz Mecdi Tolun,1,1
Fırat Üniversitesi,Elazığ,38.67431,39.22321,Tarık Özcan,1,1
Gazeteciler Cemiyeti,İstanbul,41.01384,28.94966,Burhan Arpad,1,1
Gece,Ankara,39.91987,32.85427,Ayten Mutlu,1,1
Gelenek,İstanbul,41.01384,28.94966,Turan Koç,1,1
Gelişim,İstanbul,41.01384,28.94966,Pınar Kür,1,1
Genclik Neşriyyatı,"Bakü, Azerbaycan",40.37767,49.89201,Abbas Zamanov,1,1
Gendaş,İstanbul,41.01384,28.94966,"Ataol Behramoğlu, Gültekin Emre, Azer Yaran, Erdal Alova, Adnan Özer, Dost Körpe, Kenan Sarıalioğlu, Rüstem Aslan",8,13
Gençlik,"Bakü, Azerbaycan",40.37767,49.89201,Nebi Hezri Elekberoğlu Babayev,1,1
Gergedan,İstanbul,41.01384,28.94966,Gültekin Emre,1,3
Geronimo Books,"New York, ABD",40.71427,-74.00597,Talat Sait Halman,1,1
Gerçek,İstanbul,41.01384,28.94966,"Tomris Uyar, Cemal Süreya Seber, Fethi Naci Kalpakçıoğlu",3,3
Gim,İstanbul,41.01384,28.94966,Salah Birsel,1,1
Gri,İstanbul,41.01384,28.94966,Sadık Yemni,1,1
Gölge,İstanbul,41.01384,28.94966,Necla Işık,1,1
Gözlem,İstanbul,41.01384,28.94966,Estreya Seval Vali,1,2
Gün,İstanbul,41.01384,28.94966,"Selami İzzet Sedes, Abdülkadir Meriçboyu, Tektaş Ağaoğlu, Aytekin Karaçoban",4,5
Günce,İstanbul,41.01384,28.94966,İzzet Yasar,1,1
Güncel,İstanbul,41.01384,28.94966,Necla Işık,1,1
Güneş,İstanbul,41.01384,28.94966,Selami Münir Yurdatap,1,1
Günizi,İstanbul,41.01384,28.94966,Gün Zileli,1,1
Gür,İstanbul,41.01384,28.94966,Şerif Kurbanoğlu,1,1
Güven,İstanbul,41.01384,28.94966,"Halit Fahri Ozansoy, Selami Münir Yurdatap, Selami İzzet Sedes, Cevdet Perin, Cemil Cahit Cem",5,31
Güzel Sanatlar Akademisi,Ankara,39.91987,32.85427,Cahit Sıtkı Tarancı,1,1
H. Kayol,İstanbul,41.01384,28.94966,HOVSEP VARTANYAN (VARTAN PAŞA),1,1
Habora,İstanbul,41.01384,28.94966,"Cemal Süreya Seber, Bülent Habora, Fahri Erdinç, Kemal Özer",4,15
Hacettepe Üniversitesi,Ankara,39.91987,32.85427,Oruç Aruoba,1,1
Hadise,İstanbul,41.01384,28.94966,Selami İzzet Sedes,1,9
Hakan,İstanbul,41.01384,28.94966,Halit Fahri Ozansoy,1,2
Hakimiyet-i Milliye,Ankara,39.91987,32.85427,"Hasan Cemil Çambel, Nurullah Ataç",2,4
Halk,İstanbul,41.01384,28.94966,"Azmi Nihad Erman, Devrim Alkış",2,2
Hamit,İstanbul,41.01384,28.94966,Ali Hüseyin (Hüseyinzade) Turan,1,1
Hanımlara Mahsus Gazete,İstanbul,41.01384,28.94966,Gülistan İsmet Hanım,1,1
Harf,İstanbul,41.01384,28.94966,Gültekin Özkan,1,1
Harf Eğitim,Ankara,39.91987,32.85427,Üzeyir Gündüz,1,3
Harvard Üniversitesi Yakındoğu Dilleri ve Medeniyetleri Bölümü,"Cambridge, Massachusetts, ABD",42.3749742855408,-71.11799168511804,Ali Nihad Tarlan,1,1
Hayalperest,İstanbul,41.01384,28.94966,Elif Köksal,1,1
Hayat,İstanbul,41.01384,28.94966,"Selami İzzet Sedes, Va-nû Müzehher",2,2
Haşet Kitaphaneleri,Ankara,39.91987,32.85427,Ali Süha Delilbaşı,1,2
Hece,Ankara,39.91987,32.85427,"Hicabi Kırlangıç, Turan Koç, İbrahim Demirci, Ramazan Dikmen, Mehmet Can Doğan",5,6
Helikopter,İstanbul,41.01384,28.94966,Cevat Çapan,1,2
Hep Kitap,İstanbul,41.01384,28.94966,"Sevin Okyay, Başar Başarır",2,3
Heretik,Ankara,39.91987,32.85427,Fahri Öz,1,1
Hibaş,Ankara,39.91987,32.85427,Sabah Kara,1,1
Hilal,İstanbul,41.01384,28.94966,"Ali Süha Delilbaşı, Ali Ulvi Kurucu, Rasim Özdenören",3,4
Hilmi,İstanbul,41.01384,28.94966,"Ali Kami Akyüz, Nurullah Ataç, Nurettin Sevin, Şerif Kurbanoğlu",4,18
Hizmet,İzmir,38.41273,27.13838,Halit Eyüp (Yenişehirlizade),1,1
Homer,İstanbul,41.01384,28.94966,Betül Avunç,1,1
Hotama Kültür,İstanbul,41.01384,28.94966,Refik Özdek,1,1
Hukuk,İstanbul,41.01384,28.94966,Süleyman Tevfik Özzorluoğlu,1,1
Hür,İstanbul,41.01384,28.94966,"Şerif Kurbanoğlu, M. Türker Acaroğlu, İrfan Yalçın, Pınar Kür",4,5
Hürriyet,İstanbul,41.01384,28.94966,"Erhan Bener, Tomris Uyar, Cemal Süreya Seber, Pınar Kür",4,7
Hürriyet Gazetesi,İstanbul,41.01384,28.94966,"Reşat Nuri Güntekin, Adnan Tahir Tan",2,4
Hürriyet Vakfı,İstanbul,41.01384,28.94966,M. Sunullah Arısoy,1,1
Indiana University Press,"Bloomington, Indiana",39.16533,-86.52639,Talat Sait Halman,1,2
Irmak,Bursa,40.19559,29.06013,Ahmet Metin Şahin,1,3
Islık,İzmir,38.41273,27.13838,"Kenan Sarıalioğlu, Tozan Alkan",2,2
Işık,İstanbul,41.01384,28.94966,Cevdet Perin,1,1
Jalın,"Almatı, Kazakistan",43.25,76.91667,Tölen Abdikulı,1,1
K,İstanbul,41.01384,28.94966,"Adnan Tahir Tan, Erdal Alova",2,3
Kabalcı,İstanbul,41.01384,28.94966,"Özdemir Nutku, Erdal Alova, Önay Sözer, Tarık Günersel, Osman Tuğlu",5,8
Kader,İstanbul,41.01384,28.94966,"Avanzade Mehmet Süleyman, Süleyman Tevfik Özzorluoğlu, Ali Hüseyin (Hüseyinzade) Turan, Hasan Cemil Çambel, Reşat Nuri Güntekin, Enver Naci Gökşen",6,8
Kadın Çevresi,İstanbul,41.01384,28.94966,Gülseli İnal,1,1
Kadınların Dünyası Matbaası,İstanbul,41.01384,28.94966,Avanzade Mehmet Süleyman,1,4
Kafka Kitap,İstanbul,41.01384,28.94966,Ersan Üldes,1,1
Kahraman,İstanbul,41.01384,28.94966,Cahit Koytak,1,1
Kaknüs,İstanbul,41.01384,28.94966,"Kamil Yeşil, Melek Paşalı",2,2
Kalem,İstanbul,41.01384,28.94966,"Durali Yılmaz, Feride Çiçekoğlu",2,2
Kanaat,İstanbul,41.01384,28.94966,"Abdullah Cevdet, Ali Rıza Seyfi, Hasan Cemil Çambel, Celal Sahir Erozan, Hüseyin Daniş, Reşat Nuri Güntekin, Fikret Adil, Ahmet Refik (Altınay), Ercüment Ekrem Talu, Şerif Kurbanoğlu",10,10
Kanaat Kütüphanesi,İstanbul,41.01384,28.94966,"Ahmet Vefik Paşa, Kemalettin Şükrü Orbay, Reşat Nuri Güntekin, Ruşen Eşref Ünaydın, Nurullah Ataç, Halit Fahri Ozansoy",6,31
Kanguru,İstanbul,41.01384,28.94966,Cevat Çapan,1,1
Kaos,İstanbul,41.01384,28.94966,Gün Zileli,1,1
Kaos Çocuk Parkı,İstanbul,41.01384,28.94966,İlyas Tunç,1,1
Kapital,İstanbul,41.01384,28.94966,Özkan Mert,1,1
Kapı,İstanbul,41.01384,28.94966,"Cahit Koytak, İskender Pala, Hicabi Kırlangıç",3,18
Karadeniz Dergi,Ankara,39.91987,32.85427,Erdoğan Altınkaynak,1,1
Kardelen,İstanbul,41.01384,28.94966,Orhan Koçak,1,1
Kardeşler Basımevi,İstanbul,41.01384,28.94966,Abdullah Rıza Ergüven,1,1
Kastaş,İstanbul,41.01384,28.94966,Murat Çulcu,1,2
Kavis Kitap,İstanbul,41.01384,28.94966,Mustafa Balel,1,2
Kavram,İstanbul,41.01384,28.94966,"Gürhan Uçkan, Erdal Alova, Bilgin Adalı, Adnan Özer, Güven Turan, DENİZ- Bekir Karadeniz, Aytekin Karaçoban",7,12
Kaynak,İstanbul,41.01384,28.94966,"M. Türker Acaroğlu, İlyas Halil, Erdoğan Alkan",3,3
"Kayseri Eski Eserleri, Müzeleri Sevenler Derneği",Kayseri,38.73222,35.48528,Ahmet Remzi Akyürek,1,1
Kekeme,İstanbul,41.01384,28.94966,Adnan Özer,1,1
Kelebek,İstanbul,41.01384,28.94966,"Sevin Okyay, Ruhan Mavruk",2,6
Keloğlan,İstanbul,41.01384,28.94966,MERAL ÇELEN,1,3
Kent,İstanbul,41.01384,28.94966,Fikret Adil,1,1
Kervan,İstanbul,41.01384,28.94966,"Ali Nihad Tarlan, Cevdet Perin, İsmet Zeki Eyüboğlu, Hasan Latif Sarıyüce",4,4
Kibele,İstanbul,41.01384,28.94966,Gün Zileli,1,1
Kitabhane-i Ebuzziya,İstanbul,41.01384,28.94966,"Münif Paşa, Örikağasızade Hasan Sırrı, Ahmet Rasim, Muallim Naci, Hüseyin Rahmi Gürpınar, Ali Nusret, İsmail Hakkı (Alişanzade)",7,20
Kitabhane-i Hilmi,İstanbul,41.01384,28.94966,"Şerif Çavdaroğlu, Peyami Safa",2,2
Kitabhane-i Sudi,İstanbul,41.01384,28.94966,Süleyman Tevfik Özzorluoğlu,1,1
Kitap,Ankara,39.91987,32.85427,Talat Sait Halman,1,1
Kitaphane-i İslam ve Askeri,İstanbul,41.01384,28.94966,"Ahmet Rasim, Raif Necdet Kestelli",2,2
Kitapçı Arakel Tozliyan İdare-i Şirket-i Mürettebiye Matbaası,İstanbul,41.01384,28.94966,"Mehmed Fahri Paşa, Abdullah Cevdet, Ahmet Rasim, Mehmet Ali Ulvi, Ahmet Hikmet Müftüoğlu",5,5
Kitapçılık,İstanbul,41.01384,28.94966,Muzaffer Gökman,1,1
Kitoy,İstanbul,41.01384,28.94966,Asım Bezirci,1,1
Klan,İstanbul,41.01384,28.94966,Refik Algan,1,1
Klaros,Ankara,39.91987,32.85427,Osman Tuğlu,1,10
Klasik,İstanbul,41.01384,28.94966,Turan Koç,1,1
Kolektif,İstanbul,41.01384,28.94966,"Cevat Çapan, Tülin Er",2,2
Komşu,İstanbul,41.01384,28.94966,Erkut Tokman,1,2
Konya Kültür Ve Turizm Derneği,Konya,37.87135,32.48464,Feyzi Halıcı,1,1
Kovan,İzmir,38.41273,27.13838,"Behiç Duygulu, Turgay Gönenç",2,2
Koza,İstanbul,41.01384,28.94966,K.- Tarık Dursun,1,3
Kum,İstanbul,41.01384,28.94966,DENİZ- Bekir Karadeniz,1,1
Kurgan Edebiyat,Ankara,39.91987,32.85427,"Mustafa Kurt, Mehmet Can Doğan",2,2
Kutulmuş,İstanbul,41.01384,28.94966,Hüseyin Hatemi,1,1
Kuveyt Kültür Bakanlığı,"Ahmedi, Kuveyt",29.07694,48.08389,Nusret Merdan,1,1
Kuzey,İstanbul,41.01384,28.94966,"Cevat Çapan, Ali Cengizkan",2,2
Kök,İstanbul,41.01384,28.94966,"Tomris Uyar, Servet Bal",2,2
Köy Hocası,Ankara,39.91987,32.85427,Besim Atalay,1,1
Köz,İstanbul,41.01384,28.94966,Orhan Koçak,1,3
Kültür ve Turizm Bakanlığı,Ankara,39.91987,32.85427,"Cahit Beğenç, Haldun Derin, Talat Sait Halman, A. Turan Oflazoğlu, Cevat Çapan, Erhan Bener, Ataol Behramoğlu, Özdemir Nutku, Gürhan Uçkan, Mustafa Miyasoğlu, İskender Pala, Ali Kurdoğlu, Orhan Özdemir, Hüseyin Özbay",14,19
Küçükaydın,İstanbul,41.01384,28.94966,Hüseyin Nihal Atsız,1,1
Küçükev,Ankara,39.91987,32.85427,Üzeyir Gündüz,1,1
Kıraat,Aydın,37.84501,27.83963,Mahmut Özay,1,1
Kırgızstan,"Bişkek, Kırgızistan",42.87,74.59,"Aşım Cakıpbekov, Salican Cigitov",2,2
Kırkambar,İstanbul,41.01384,28.94966,Ahmet Mithat Efendi,1,3
Kırmızı,İstanbul,41.01384,28.94966,"Adnan Özer, Kenan Sarıalioğlu",2,5
Kırmızı Kedi,İstanbul,41.01384,28.94966,Kenan Sarıalioğlu,1,1
Kızılırmak,Ankara,39.91987,32.85427,"Gültekin Emre, Gültekin Özkan",2,2
Langenscheidt,"Münih, Almanya",48.13743,11.57549,Özgür Savaşçı,1,2
Letafet,İstanbul,41.01384,28.94966,Ali Kami Akyüz,1,1
Litera,İstanbul,41.01384,28.94966,MECDİ- Abdülaziz Mecdi Tolun,1,1
Literatür,İstanbul,41.01384,28.94966,Nurduran Duman,1,1
Lusiyen,İstanbul,41.01384,28.94966,Avanzade Mehmet Süleyman,1,2
M. Mavrayev,"Buynaksk, Dağıstan",42.81802,47.12684,Abusupiyan Akayev,1,1
M. İkbal Derneği,İstanbul,41.01384,28.94966,Ali Nihad Tarlan,1,1
ME,İstanbul,41.01384,28.94966,Mina Urgan,1,1
MEAV,İstanbul,41.01384,28.94966,Gökçe Gökçeer,1,1
MEB,Ankara,39.91987,32.85427,Safiye Erol,1,1
Maarif-i Umumiye Nezareti,İstanbul,41.01384,28.94966,"Mehmed Fahri Paşa, Süleyman Nesip",2,2
Mahmud Bey,İstanbul,41.01384,28.94966,"Recaizade Mahmut Ekrem, Mehmed Fahri Paşa, Ahmet Rasim, Süleyman Vehbi, Faik Esat (Andelib), Avanzade Mehmet Süleyman, Mehmed Ziver, Ruşen Eşref Ünaydın, Ömer Ferit Kam",9,9
Mahya,İstanbul,41.01384,28.94966,Emre Miyasoğlu,1,1
Malumat Gazeteleri,İstanbul,41.01384,28.94966,Ahmet Rasim,1,1
Malumat Kütübhanesi,İstanbul,41.01384,28.94966,Ahmet Rasim,1,1
Martı,İstanbul,41.01384,28.94966,Teoman Aktürel,1,1
Matbaa-i Amedi,İstanbul,41.01384,28.94966,"Abdullah Cevdet, Tahir Olgun",2,2
Matbaa-i Amire,İstanbul,41.01384,28.94966,"Ahmet Vefik Paşa, Ahmet Mithat Efendi, Abdullah Cevdet, Muallim Naci, Hüseyin Rahmi Gürpınar, Celal Esat Arseven, Süleyman Nazif, Tahir Olgun, Şerif Çavdaroğlu",9,11
Matbaa-i Esad-ı İzzet,İstanbul,41.01384,28.94966,Mehmed Fahri Paşa,1,1
Matbaa-i Hayriye,İstanbul,41.01384,28.94966,"Abdullah Cevdet, Abdülkadir Noyan, Hüseyin Daniş",3,3
Matbaa-i Jirayır ve Keteon,İstanbul,41.01384,28.94966,Avanzade Mehmet Süleyman,1,6
Matbaa-i K. Bağdadliyan,İstanbul,41.01384,28.94966,Ahmet Rasim,1,2
Matbaa-i Kader,İstanbul,41.01384,28.94966,Faik Sabri Duran,1,1
Matbaa-i Karabet,İstanbul,41.01384,28.94966,"Ahmet Rasim, Ali Ferruh (İBNÜRREŞAT), Abdullah Zühtü",3,4
Matbaa-i Karabet ve Kaspar,İstanbul,41.01384,28.94966,Mehmet Ali Ulvi,1,1
Matbaa-i Nişan Berberyan,İstanbul,41.01384,28.94966,Muallim Naci,1,1
Matbaa-i Orhaniye,İstanbul,41.01384,28.94966,"Abdullah Cevdet, İsmail Hakkı (Alişanzade), Avanzade Mehmet Süleyman, Süleyman Tevfik Özzorluoğlu, Selami Münir Yurdatap",5,13
Matbaa-i Osmaniye,İstanbul,41.01384,28.94966,"Şemsettin Sami, Abdullah Cevdet",2,3
Matbaa-i Tahir Bey,İstanbul,41.01384,28.94966,Halit Eyüp (Yenişehirlizade),1,2
Matbaa-i Vilayet,Elazığ,38.67431,39.22321,Abdullah Cevdet,1,1
Matbaa-i İçtihad,"Cenevre, İsviçre",46.20222,6.14569,Abdullah Cevdet,1,12
Matbaa-i İçtihad - Kahire,"Kahire, Mısır",30.07263,31.25967,Abdullah Cevdet,1,1
Matbaa-yı Vilayet,Bursa,40.19559,29.06013,Süleyman Nazif,1,1
Matbaacılık ve Neşriyat,İstanbul,41.01384,28.94966,Süleyman Tevfik Özzorluoğlu,1,2
Mavi,İstanbul,41.01384,28.94966,İbrahim Demirci,1,3
Mavibulut,İstanbul,41.01384,28.94966,Fatih Erdoğan,1,22
May,İstanbul,41.01384,28.94966,"Burhan Arpad, Azmi Nihad Erman, Tahir Alangu, Tektaş Ağaoğlu, Ergin Günçe",5,8
Mecmua,İstanbul,41.01384,28.94966,Va-Nû Vala Nurettin,1,1
Meda Kitap,Ankara,39.91987,32.85427,İlyas Tunç,1,1
Mediacat,İstanbul,41.01384,28.94966,Gürkal Aylan,1,1
Mekteb-i Fünun-u Harbiye,İstanbul,41.01384,28.94966,Münif Paşa,1,1
Mektep,"Bişkek, Kırgızistan",42.87,74.59,"Aşım Cakıpbekov, Salican Cigitov",2,3
Meriçelli,İstanbul,41.01384,28.94966,Anıl Meriçelli,1,1
Meserret,İstanbul,41.01384,28.94966,Hilmi Yavuz,1,1
Mete,İstanbul,41.01384,28.94966,K.- Tarık Dursun,1,1
Metis,İstanbul,41.01384,28.94966,"Cevat Çapan, Şadan Karadeniz, Tomris Uyar, İzzet Yasar, Orhan Koçak, Pınar Kür, Oruç Aruoba, Belma Aksun, Osman Akınhay, Ahmet Soysal, İskender Savaşır, Cem Atbaşoğlu, Fahri Öz, Tarık Günersel",14,26
Mezopotamya,"Stockholm, İsveç",59.32938,18.06871,Aytekin Karaçoban,1,2
Meşrutiyet,İstanbul,41.01384,28.94966,Süleyman Tevfik Özzorluoğlu,1,2
Mihran,İstanbul,41.01384,28.94966,"Şemsettin Sami, Ahmet Mithat Efendi, Ebüzziya Tevfik, Beşir Fuat, Ahmet Rasim, Muallim Naci, Fazlı Necip, Mahmut Sadık, Abdullah Zühtü, Süleyman Tevfik Özzorluoğlu",10,28
Milet Publishing,"Londra, İngiltere",51.50853,-0.12574,Fatih Erdoğan,1,13
Milli Eğitim Bakanlığı,İstanbul,41.01384,28.94966,"Abdullah Cevdet, Ali Rıza Seyfi, Reşat Nuri Güntekin, Ali Süha Delilbaşı, Mebrure Sami Alevok (Koray), Nurullah Ataç, Halit Fahri Ozansoy, Hakkı Süha Gezgin, Fikret Adil, Şerafettin Yaltkaya, Hilmi Ziya Ülken, Nurettin Sevin, Enis Behiç Koryürek, Ali Nihad Tarlan, Sabahattin Ali, Avni Givda, Orhan Burian, Orhan Şaik Gökyay, Kemal Edip Kürkçüoğlu, İ. Galip Arcan, Mehmet Nuri Gençosmanoğlu, Ahmet Cevat Emre, Niyazi Berkes, Mitat Enç, Burhan Arpad, Oktay Rifat, Salah Birsel, Ahmet Hamdi Tanpınar, Sabri Esat Siyavuşgil, Melih Cevdet Anday, Cemil Meriç, Şahap Sıtkı, Mina Urgan, Necati Cumalı, Sami N. Özerdim, Nizamettin Nazif Tepedelenlioğlu, Haldun Derin, Selahattin Batu, A. Turan Oflazoğlu, Edeb Mahir Yalnız, Hüseyin Nihal Atsız, Gülçin Alpöge, Şadan Karadeniz, Ferhan Oğuzkan, Nejat Muallimoğlu",45,167
Milliyet,İstanbul,41.01384,28.94966,"Reşat Nuri Güntekin, Halide Nusret Zorlutuna, Burhan Arpad, Burhan Felek, Tomris Uyar, Cemal Süreya Seber, Osman Nebioğlu, Orhan Duru, Ataol Behramoğlu, Aydın Arıt, İnci Asena, İrfan Yalçın, Nedim Gürsel, Sedat Umran",14,23
Minber,İstanbul,41.01384,28.94966,Kemalettin Şükrü Orbay,1,2
Minnetoğlu,İstanbul,41.01384,28.94966,Adnan Tahir Tan,1,2
Mitos,İstanbul,41.01384,28.94966,"Cevat Çapan, Tomris Uyar, Özdemir Nutku, Ali Halim Neyzi, Memet Baydur, Dost Körpe, Tuncer Cücenoğlu, Tarık Günersel, Başar Sabuncu",9,23
Monokl,İstanbul,41.01384,28.94966,Özkan Mert,1,1
Morpa,İstanbul,41.01384,28.94966,Sabri Esat Siyavuşgil,1,1
Muallim Ahmet Halit Yaşaroğlu Kitaphanesi,İstanbul,41.01384,28.94966,"Reşat Nuri Güntekin, Nurullah Ataç, Halit Fahri Ozansoy, Hakkı Süha Gezgin, Nurettin Artam, Besim Atalay, Refi Cevat Ulunay, Ali Nihad Tarlan, Ahmet Emin YALMAN",9,15
Mukhbir,"Londra, İngiltere",51.50853,-0.12574,Ali Suavi,1,1
Multilingual Yabancı Dil,İstanbul,41.01384,28.94966,Talat Sait Halman,1,1
Mühendisyan,İstanbul,41.01384,28.94966,HOVSEP VARTANYAN (VARTAN PAŞA),1,2
Mühür,İstanbul,41.01384,28.94966,Belma Aksun,1,1
Mütercim,"Bakü, Azerbaycan",40.37767,49.89201,Kemal Abdulla,1,1
Müşterekü'l-Menfaa Osmanlı,İstanbul,41.01384,28.94966,Kemalettin Şükrü Orbay,1,1
Nazir Akbasam,İstanbul,41.01384,28.94966,Hüseyin Hatemi,1,1
Nazım Hikmet Kültür ve Sanat Vakfı,İstanbul,41.01384,28.94966,Metin Cengiz,1,1
Nebioğlu,İstanbul,41.01384,28.94966,"Ahmet Emin YALMAN, Haldun Derin, Osman Nebioğlu",3,6
Necm-i İstikbal,İstanbul,41.01384,28.94966,"Abdullah Cevdet, Avanzade Mehmet Süleyman, Muhsin Ertuğrul",3,4
Necmeddin Salman Kitap Yayma Odası,İstanbul,41.01384,28.94966,Azmi Nihad Erman,1,1
Necmi-i İstikbal,İstanbul,41.01384,28.94966,Abdullah Cevdet,1,1
Nehir,İstanbul,41.01384,28.94966,"Durali Yılmaz, Belma Aksun",2,2
Net,İstanbul,41.01384,28.94966,"Va-nû Müzehher, Fatih Erdoğan",2,12
Ney,İstanbul,41.01384,28.94966,Hicabi Kırlangıç,1,1
Nil,İstanbul,41.01384,28.94966,"Tahir Alangu, Sevin Okyay",2,2
Nisan,İstanbul,41.01384,28.94966,"Erhan Bener, Tomris Uyar, Ahmet Soysal",3,7
Nobel,İstanbul,41.01384,28.94966,"Melih Cevdet Anday, Tahir Alangu",2,4
Nokta,İstanbul,41.01384,28.94966,Gürhan Uçkan,1,5
Numune,İstanbul,41.01384,28.94966,Turgay Fişekçi,1,1
Nurgök,İstanbul,41.01384,28.94966,Reşad Ekrem Koçu,1,1
ODTÜ Geliştirme Vakfı,Ankara,39.91987,32.85427,Levent Gönül,1,17
Oda,İstanbul,41.01384,28.94966,"Tezer Özlü, Kemal Kandaş, İrfan Yalçın, Mustafa Balel, Metin İlkin",5,7
Okul ve Öğretmen Mecmuası,İstanbul,41.01384,28.94966,Halit Fahri Ozansoy,1,2
Okuyan Us,İstanbul,41.01384,28.94966,Tomris Uyar,1,1
Oluş,İstanbul,41.01384,28.94966,"Melih Cevdet Anday, Asım Bezirci, Sait Maden, İsmet Zeki Eyüboğlu",4,7
Omega,İstanbul,41.01384,28.94966,Murat Batmankaya,1,3
Omnia,İstanbul,41.01384,28.94966,Kenan Sarıalioğlu,1,1
Onur,İstanbul,41.01384,28.94966,"K.- Tarık Dursun, Cemal Süreya Seber, Azer Yaran",3,5
Opus,Ankara,39.91987,32.85427,Kenan Sarıalioğlu,1,2
Orkun,Ankara,39.91987,32.85427,Ali Ulvi Kurucu,1,1
Ortadoğu,İstanbul,41.01384,28.94966,Fakir Baykurt,1,1
Osmanbey,İstanbul,41.01384,28.94966,Selami İzzet Sedes,1,1
Osmaniye,İstanbul,41.01384,28.94966,Abdullah Cevdet,1,1
Oğlak,İstanbul,41.01384,28.94966,"Şadan Karadeniz, Tomris Uyar, Pınar Kür, Gürkal Aylan, Roni Margulies, İbrahim Demirci",6,8
Pan,İstanbul,41.01384,28.94966,Türker Armaner,1,1
Panama,İstanbul,41.01384,28.94966,Misli Baydoğan,1,1
Papirüs,İstanbul,41.01384,28.94966,"Mustafa Balel, Adnan Özer, DENİZ- Bekir Karadeniz, Özkan Mert",4,4
Payel,İstanbul,41.01384,28.94966,"Şerif Kurbanoğlu, İsmet Zeki Eyüboğlu, Cevat Çapan, Cemal Süreya Seber, Mehmet H. Doğan",5,13
Pegasus,İstanbul,41.01384,28.94966,Nurduran Duman,1,2
Pencere,İstanbul,41.01384,28.94966,"İsmet Zeki Eyüboğlu, Metin Cengiz, Gün Zileli",3,4
Peri,İstanbul,41.01384,28.94966,Aytekin Karaçoban,1,1
Pioner,"Bakü, Azerbaycan",40.37767,49.89201,Samed Vurgun,1,1
Pittsburgh University Press,"Pittsburgh, Pennsylvania, ABD",40.44062,-79.99589,Talat Sait Halman,1,1
Presse d'Orient,İstanbul,41.01384,28.94966,Şinasi,1,1
Profil,İstanbul,41.01384,28.94966,Ali Ece,1,1
Pınar,İstanbul,41.01384,28.94966,"Şerif Kurbanoğlu, Cemil Meriç",2,2
RCD Kalkınma İçin İşbirliği Kültür Enstitüsü Neşriyatı,İstanbul,41.01384,28.94966,Ali Nihad Tarlan,1,1
Recep Ulusoğlu,Ankara,39.91987,32.85427,Şinasi Nahit Berker,1,1
Redhouse,İstanbul,41.01384,28.94966,Fatih Erdoğan,1,1
Reklam,İstanbul,41.01384,28.94966,Muhsin Ertuğrul,1,1
Reklamcılık Vakfı,İstanbul,41.01384,28.94966,Bilgin Adalı,1,1
Remzi,İstanbul,41.01384,28.94966,"İsmail Hakkı (Alişanzade), Muhsin Ertuğrul, Mebrure Sami Alevok (Koray), Nurullah Ataç, Halit Fahri Ozansoy, Hakkı Süha Gezgin, Hasan Ali Yücel, Selami İzzet Sedes, Şerif Kurbanoğlu, Orhan Şaik Gökyay, Fikret Ürgüp, Melih Cevdet Anday, Cevdet Perin, Süleyman Kazmaz, Burhan Felek, Teoman Aktürel, Cevat Çapan, M. Bozkurt Güvenç, Pınar Kür, Özdemir Nutku",20,43
Renk,İstanbul,41.01384,28.94966,Azmi Nihad Erman,1,2
Resimli Ay,İstanbul,41.01384,28.94966,"Ali Rıza Seyfi, Va-Nû Vala Nurettin",2,2
Resimli Kitap,İstanbul,41.01384,28.94966,Abdullah Cevdet,1,1
Ressam Kemal Bakı,İstanbul,41.01384,28.94966,Azmi Nihad Erman,1,1
Rey,Kayseri,38.73222,35.48528,"Turan Koç, İbrahim Demirci",2,2
Roman,İstanbul,41.01384,28.94966,Halit Fahri Ozansoy,1,1
Ruh ve Madde,İstanbul,41.01384,28.94966,"Sedat Umran, Refik Algan",2,7
Ruzname-i Ceride-i Havadis Gazetesi,İstanbul,41.01384,28.94966,"Münif Paşa, Ali Suavi",2,2
Ruşen,İstanbul,41.01384,28.94966,Ali Kami Akyüz,1,1
Rıza Koşkun,İstanbul,41.01384,28.94966,Cevdet Perin,1,1
S. Şirket-i Mürettibiyesi,İstanbul,41.01384,28.94966,Muallim Naci,1,1
Saadet,İstanbul,41.01384,28.94966,Abdullah Zühtü,1,1
Sabah,İstanbul,41.01384,28.94966,Mahmut Sadık,1,1
Salyangoz,İstanbul,41.01384,28.94966,Şadan Karadeniz,1,1
Sanat,İstanbul,41.01384,28.94966,Afet Ilgaz,1,1
Sanat Emeği,İstanbul,41.01384,28.94966,Erdal Alova,1,1
Sanat-Koop,İzmir,38.41273,27.13838,Gürhan Tümer,1,1
Sander,İstanbul,41.01384,28.94966,"Abdülkadir Meriçboyu, Tomris Uyar",2,2
Say,İstanbul,41.01384,28.94966,"İsmet Zeki Eyüboğlu, Kamuran Şipal, Sedat Umran, Murat Batmankaya",4,12
Sayfa6,İstanbul,41.01384,28.94966,Solmaz Kamuran,1,4
Sağlam,Ankara,39.91987,32.85427,Faruk Gürtunca,1,3
Sağlık ve Sosyal Yardım Bakanlığı,Ankara,39.91987,32.85427,Ali Süha Delilbaşı,1,1
Scala,İstanbul,41.01384,28.94966,Kriton Dinçmen,1,3
Sebil,İstanbul,41.01384,28.94966,Cemil Meriç,1,1
Sebilürreşat Kütüphanesi,İstanbul,41.01384,28.94966,Mehmet Akif Ersoy,1,1
Sel,İstanbul,41.01384,28.94966,"Peyami Safa, Sevin Okyay, Metin Cengiz, Gün Zileli, Melisa Kesmez, Ersan Üldes",6,6
Selami Sertoğlu,İstanbul,41.01384,28.94966,Ali Nihad Tarlan,1,1
Selek,İstanbul,41.01384,28.94966,Selami İzzet Sedes,1,12
Selüloz,Kocaeli,40.80276,29.43068,Sami Sabit Karaman,1,3
Semih Lütfi Kitabevi,İstanbul,41.01384,28.94966,"Reşat Nuri Güntekin, Nurullah Ataç, Selami İzzet Sedes, Refi Cevat Ulunay, Murat Uraz, Reşad Ekrem Koçu, Fikret Ürgüp, Safiye Erol, Adnan Tahir Tan",9,13
Serhat,İstanbul,41.01384,28.94966,"Bilgin Adalı, Ayten Mutlu",2,2
Serp i Molot,"Bişkek, Kırgızistan",42.87,74.59,Kasım Tınıstanov,1,1
Seyirlik,İstanbul,41.01384,28.94966,Tuncer Cücenoğlu,1,1
Seçilmiş Hikayeler Dergisi,Ankara,39.91987,32.85427,"K.- Tarık Dursun, Can Yücel",2,2
Seçkin,İstanbul,41.01384,28.94966,"Hüseyin Hatemi, Sabah Kara, Cahit Koytak",3,3
Seçme,İstanbul,41.01384,28.94966,Cemal Süreya Seber,1,1
Simavi,İstanbul,41.01384,28.94966,"Tomris Uyar, Pınar Kür",2,2
Sinan,İstanbul,41.01384,28.94966,"Ataol Behramoğlu, Füruzan Toprak",2,2
Sinan Matbaası Neşriyat Evi,İstanbul,41.01384,28.94966,Ali Rıza Seyfi,1,1
Sol,Ankara,39.91987,32.85427,"Niyazi Berkes, Cemal Süreya Seber",2,2
Sosyal,İstanbul,41.01384,28.94966,"Va-nû Müzehher, İsmet Zeki Eyüboğlu, Cengiz Tuncer",3,4
Sosyal Adalet,Ankara,39.91987,32.85427,Ergin Günçe,1,1
Sosyal Yayınlar,İstanbul,41.01384,28.94966,"Asım Bezirci, İzzet Yasar",2,2
Soyut,İstanbul,41.01384,28.94966,Orhan Duru,1,1
Su,İstanbul,41.01384,28.94966,İsmail Kaygusuz,1,1
Sufi Kitap,İstanbul,41.01384,28.94966,"Ali Nihad Tarlan, H. Hüsrev Hatemi, SAMÎ-NİYAZÎ- Abdurrahman Sami Efendi",3,3
Sujala,İstanbul,41.01384,28.94966,Korhan Kaya,1,3
Svenska institutet,"İskenderiye, Mısır",31.20176,29.91582,Özkan Mert,1,1
Syracuse University Press,"New York, ABD",40.71427,-74.00597,Talat Sait Halman,1,4
Sythoff,"Leiden, Hollanda",52.15833,4.49306,Sabri Esat Siyavuşgil,1,1
Sözcükler,İstanbul,41.01384,28.94966,Kenan Sarıalioğlu,1,1
Sühulet,İstanbul,41.01384,28.94966,"Raif Necdet Kestelli, Mebrure Sami Alevok (Koray), Ali Nihad Tarlan, Fuat Hulusi Demirelli",4,4
Sümer,İstanbul,41.01384,28.94966,Kemal Bilbaşar,1,2
Taban,İstanbul,41.01384,28.94966,Cemal Süreya Seber,1,1
Tahir Bey,İstanbul,41.01384,28.94966,"Ali Kemal, Ali Rıza Seyfi",2,2
Tamga,Ankara,39.91987,32.85427,Özgür Savaşçı,1,1
Tan,İstanbul,41.01384,28.94966,"Ali Nihad Tarlan, Niyazi Berkes, Burhan Arpad, Murat Sertoğlu, Sait Maden",5,6
Tanin,İstanbul,41.01384,28.94966,"Ali Nusret, Müfit Ratip, İbrahim Alaettin Gövsa",3,3
Tarih Vakfı,İstanbul,41.01384,28.94966,Ayfer Gürdal Ünal,1,1
Tarihçi,İstanbul,41.01384,28.94966,Niyazi Berkes,1,1
Tasavvuf Dergisi,İstanbul,41.01384,28.94966,Ahmet Remzi Akyürek,1,1
Tasvir-i Efkar,İstanbul,41.01384,28.94966,"Şinasi, Ahmet Vefik Paşa, Recaizade Mahmut Ekrem",3,3
Tavanarası,İstanbul,41.01384,28.94966,Şadan Karadeniz,1,1
Tefeyyüz,İstanbul,41.01384,28.94966,Ahmet Rasim,1,1
Tekin,İstanbul,41.01384,28.94966,"Ataol Behramoğlu, Muammer Yüzbaşıoğlu, Kemal Bilbaşar",3,6
Tekirdağ Halkevi Yayınları,İstanbul,41.01384,28.94966,Hasan Adnan Önelçin,1,1
Telos,İstanbul,41.01384,28.94966,"Şadan Karadeniz, Gürhan Uçkan, Karin Karakaşlı, Fikret Hakan",4,8
Tema,İstanbul,41.01384,28.94966,Ali Kami Akyüz,1,1
Temel,İstanbul,41.01384,28.94966,Durali Yılmaz,1,1
Tercüman,İstanbul,41.01384,28.94966,Hüseyin Nihal Atsız,1,1
Tercüman-ı Hakikat,İstanbul,41.01384,28.94966,"Ahmet Mithat Efendi, Hüseyin Rahmi Gürpınar, Ali Nusret",3,20
Tevsi-i Tıbaat,İstanbul,41.01384,28.94966,Ali Kemal,1,1
Tez,Ankara,39.91987,32.85427,A. Mümtaz İdil,1,1
Timaş,İstanbul,41.01384,28.94966,Seyfettin Ünlü,1,2
Toplumsal Dönüşüm,İstanbul,41.01384,28.94966,Erdoğan Alkan,1,2
Toroslu,İstanbul,41.01384,28.94966,Kemal Özer,1,1
Trabzon Vakfı,Ankara,39.91987,32.85427,Kudret Recep Emiroğlu,1,1
Tur,İstanbul,41.01384,28.94966,Cemil Meriç,1,1
Turkuvaz,İstanbul,41.01384,28.94966,Devrim Alkış,1,1
Türk Dil Kurumu,Ankara,39.91987,32.85427,"Besim Atalay, İshak Refet Işıtman, Ahmet Cevat Emre, Salah Birsel, Doğan Aksan, Memmed İsmayıl Mürşüt oğlu, Samipaşazade Sezai",7,8
Türk Dünyası,İstanbul,41.01384,28.94966,Avanzade Mehmet Süleyman,1,1
Türk Kütüphaneciler Derneği,İstanbul,41.01384,28.94966,M. Türker Acaroğlu,1,1
Türk Neşriyat Yurdu,İstanbul,41.01384,28.94966,Murat Uraz,1,4
Türk Ocakları,İstanbul,41.01384,28.94966,Ruşen Eşref Ünaydın,1,1
Türk Tarih Kurumu,Ankara,39.91987,32.85427,"Şerafettin Yaltkaya, Orhan Şaik Gökyay, Kemal Edip Kürkçüoğlu, M. Türker Acaroğlu, Osman Turan, Özdemir Nutku, Gülayşe Koçak",7,9
Türkiye,İstanbul,41.01384,28.94966,"Selami Münir Yurdatap, Feyzullah Sacit Ülkü, M. Şevki Yazman, Hilmi Ziya Ülken, Burhan Arpad, Adnan Tahir Tan, Rakım Çalapala",7,7
Türkiye Diyanet Vakfı,Ankara,39.91987,32.85427,İskender Pala,1,1
Türkiye Turing ve Otomobil Kurumu,İstanbul,41.01384,28.94966,Cemal Süreya Seber,1,1
Türkiye Öğretmenler Bankası,Ankara,39.91987,32.85427,Ferhan Oğuzkan,1,1
Türkiye İş Bankası,Ankara,39.91987,32.85427,"Fikret Adil, Ali Nihad Tarlan, Mehmet Nuri Gençosmanoğlu, Sabri Esat Siyavuşgil, Abdülkadir Meriçboyu, Ataol Behramoğlu, Özdemir Nutku, Erdal Alova, Ali Halim Neyzi, Sevin Okyay, Sami Önal, Fahri Öz, Kenan Sarıalioğlu, Türker Armaner, Sevgi Sanlı, Betül Avunç, Korhan Kaya, Tülin Er, Derya Önder",19,59
Türkmen Kardeşlik Ocağı,İstanbul,41.01384,28.94966,Kemal Beyatlı,1,1
Ulus,İstanbul,41.01384,28.94966,"Reşat Nuri Güntekin, Nurettin Artam, Sabahattin Ali, Cahit Beğenç",4,6
Ulusal,Ankara,39.91987,32.85427,"Ali Süha Delilbaşı, Halit Fahri Ozansoy",2,2
Uluslararası İncelemeler,İstanbul,41.01384,28.94966,Sami Sabit Karaman,1,1
Umumi Kütüphane,İstanbul,41.01384,28.94966,Selami İzzet Sedes,1,1
Us,İstanbul,41.01384,28.94966,Erdoğan Alkan,1,1
Uycan,İstanbul,41.01384,28.94966,Ömer Madra,1,1
Uzluk,Ankara,39.91987,32.85427,Mehmet Nuri Gençosmanoğlu,1,1
Uğrak,İstanbul,41.01384,28.94966,Cevat Çapan,1,3
Uğur,İstanbul,41.01384,28.94966,Hakkı Süha Gezgin,1,1
Uşakgençneşr,"Bakü, Azerbaycan",40.37767,49.89201,Samed Vurgun,1,1
Uşaqgencneşr,"Bakü, Azerbaycan",40.37767,49.89201,Abbas Zamanov,1,1
Vadi,Ankara,39.91987,32.85427,Mevlüt Ceylan,1,1
Vakit,İstanbul,41.01384,28.94966,"Peyami Safa, Hasan Rasim Us, Hilmi Ziya Ülken, Münir Çapanoğlu",4,5
Vakit Gazetesi,İstanbul,41.01384,28.94966,İsmail Hakkı (Alişanzade),1,4
Vakıfbank Kültür,İstanbul,41.01384,28.94966,Tamer Gülbek,1,1
Vakıflar Umum Müdürlüğü,Ankara,39.91987,32.85427,Kemal Edip Kürkçüoğlu,1,2
Vapur,İstanbul,41.01384,28.94966,Adnan Özer,1,1
Varlık,İstanbul,41.01384,28.94966,"Reşat Nuri Güntekin, Nurullah Ataç, M. Türker Acaroğlu, Ahmet Cevat Emre, Burhan Arpad, Oktay Rifat, Melih Cevdet Anday, Necati Cumalı, Sami N. Özerdim, Talat Sait Halman, Nazmi Akıman, Suat Taşer, Asım Bezirci, A. Turan Oflazoğlu, K.- Tarık Dursun, Sait Maden, Abdullah Rıza Ergüven, İlhan Berk, Tomris Uyar, Cemal Süreya Seber, Anıl Meriçelli, Attila İlhan, Hilmi Yavuz, Oruç Aruoba, Gürhan Tümer, Önay Sözer",26,40
Vatan,İstanbul,41.01384,28.94966,Ahmet Emin YALMAN,1,1
Vatan Kitaphanesi,İstanbul,41.01384,28.94966,Ahmet Rasim,1,1
Ve,İstanbul,41.01384,28.94966,İlyas Tunç,1,1
Verso,Ankara,39.91987,32.85427,Ali Cengizkan,1,1
Versus,İstanbul,41.01384,28.94966,Gün Zileli,1,2
Vilayet,"Sana, Yemen",39.91987,32.85427,"Abdülgani Seniy Yurtman, Ömer Ferit Kam",2,2
YKY,İstanbul,41.01384,28.94966,"Cevat Çapan, Tektaş Ağaoğlu, Bilgin Adalı, Türker Armaner, Derya Önder",5,13
Yaba,İstanbul,41.01384,28.94966,Anıl Meriçelli,1,1
Yalçın,İstanbul,41.01384,28.94966,"İrfan Yalçın, Ahmet Yorulmaz",2,3
Yankı,İstanbul,41.01384,28.94966,"Burhan Arpad, Melih Cevdet Anday, Tahir Alangu, Cevat Çapan, Kemal Kandaş, İrfan Yalçın",6,8
Yapı Kredi,İstanbul,41.01384,28.94966,"Lütfi Özkök, Şadan Karadeniz, Tomris Uyar, Cemal Süreya Seber, Ataol Behramoğlu, İzzet Yasar, Pınar Kür, Ömer Madra, Özdemir Nutku, Azer Yaran, Sevin Okyay, Şavkar Altınel, Gülayşe Koçak, Güven Turan, İbrahim Demirci, Feyyaz Kayacan, Coşkun Yerli, Selçuk Altun, Sevgi Sanlı, Hasan Harmancı",20,58
Yar,İstanbul,41.01384,28.94966,Bülent Habora,1,3
Yargıçoğlu,Ankara,39.91987,32.85427,Ahmet İhsan Gevrek,1,1
Yarın,Ankara,39.91987,32.85427,Gürhan Uçkan,1,2
Yazar,Ankara,39.91987,32.85427,Rıdvan Canım,1,1
Yazko,İstanbul,41.01384,28.94966,"Asım Bezirci, İlhan Berk, Erdoğan Alkan, Kemal Özer, Erdal Alova, Gürhan Tümer",6,6
Yazıcı,Trabzon,41.005,39.72694,Mustafa Yazıcı,1,2
Yazın,İstanbul,41.01384,28.94966,Erhan Bener,1,1
Yazıçı,"Bakü, Azerbaycan",40.37767,49.89201,Memmed İsmayıl Mürşüt oğlu,1,1
Yağmur,İstanbul,41.01384,28.94966,"Refik Özdek, Ahmet İhsan Gevrek",2,6
Yedigün,İstanbul,41.01384,28.94966,Reşat Nuri Güntekin,1,1
Yeditepe,İstanbul,41.01384,28.94966,"Fikret Adil, Melih Cevdet Anday, Tufan Gündüz",3,7
Yel Değirmeni,İstanbul,41.01384,28.94966,Bülent Habora,1,1
Yeluk,İstanbul,41.01384,28.94966,Mehmet Nuri Gençosmanoğlu,1,1
Yeni,İstanbul,41.01384,28.94966,Hüseyin Hatemi,1,1
Yeni Ankara,İstanbul,41.01384,28.94966,"Sait Maden, Tomris Uyar",2,2
Yeni Asya,İstanbul,41.01384,28.94966,Refik Özdek,1,1
Yeni Asır,"Selanik, Yunanistan",40.64361,22.93086,Fazlı Necip,1,1
Yeni Edebiyat,İstanbul,41.01384,28.94966,Halil Nihat Boztepe,1,1
Yeni Gün,İstanbul,41.01384,28.94966,İsmet Zeki Eyüboğlu,1,1
Yeni Mecmua,İstanbul,41.01384,28.94966,Adnan Tahir Tan,1,1
Yeni Ses Gazetesi,İstanbul,41.01384,28.94966,Mebrure Sami Alevok (Koray),1,1
Yeni Türkiye,İstanbul,41.01384,28.94966,Tahir Olgun,1,1
Yeni Türkü,İstanbul,41.01384,28.94966,Ataol Behramoğlu,1,1
Yenilik,İstanbul,41.01384,28.94966,"Ali Nihad Tarlan, Sait Maden",2,3
Yeniyüzyıl,İstanbul,41.01384,28.94966,Ünal Bolat,1,1
Yeniçağ,İstanbul,41.01384,28.94966,Selami Münir Yurdatap,1,1
Yeryüzü,İstanbul,41.01384,28.94966,Ahmet Kot,1,1
Yitik Ülke,İstanbul,41.01384,28.94966,Efe Duyan,1,2
Yokuş,İstanbul,41.01384,28.94966,Burhan Arpad,1,1
Yonga,İstanbul,41.01384,28.94966,Mustafa Balel,1,1
Yordam,İstanbul,41.01384,28.94966,Kemal Özer,1,8
Yorum,İstanbul,41.01384,28.94966,Şerif Kurbanoğlu,1,1
Yuvanaki Panayoditis,İstanbul,41.01384,28.94966,Avanzade Mehmet Süleyman,1,1
Yuvarlak Masa,İstanbul,41.01384,28.94966,Özdemir Asaf,1,1
Yön,İstanbul,41.01384,28.94966,"Memet Fuat, Cevat Çapan, Erdoğan Alkan, Erdal Alova, Adnan Özer, Ali Cengizkan, Metin Cengiz, Kriton Dinçmen",8,13
Yöneliş,İstanbul,41.01384,28.94966,Hicabi Kırlangıç,1,1
Yücel,İstanbul,41.01384,28.94966,Tektaş Ağaoğlu,1,1
Yüksel,İstanbul,41.01384,28.94966,"Ercüment Ekrem Talu, Cemil Meriç",2,2
Yılmaz,İstanbul,41.01384,28.94966,"Mustafa Balel, Adnan Özer",2,2
Z,İstanbul,41.01384,28.94966,İrfan Yalçın,1,2
Zeplin,İstanbul,41.01384,28.94966,Hakan Akdoğan,1,1
h2o Kitap,İstanbul,41.01384,28.94966,Gün Zileli,1,1
Çan,İstanbul,41.01384,28.94966,"Oktay Rifat, Melih Cevdet Anday, Mina Urgan, Asım Bezirci, Ferit Edgü, Sabahattin Eyuboğlu, İsmet Zeki Eyüboğlu, Cevat Çapan, Orhan Duru",9,13
Çağdaş,İstanbul,41.01384,28.94966,Cengiz Bektaş,1,1
Çağlayan,İstanbul,41.01384,28.94966,Tuna Baltacıoğlu,1,1
Çağrı,İstanbul,41.01384,28.94966,"Hüseyin Hatemi, H. Hüsrev Hatemi",2,2
Çekirdek,İstanbul,41.01384,28.94966,Sait Maden,1,3
Çeltüt,İstanbul,41.01384,28.94966,Muammer Yüzbaşıoğlu,1,2
Çiturus Biraderler,İstanbul,41.01384,28.94966,Orhan Burian,1,1
Çizgi Kitabevi,Konya,37.87135,32.48464,Hasan Harmancı,1,1
Çizmeli Kedi,İstanbul,41.01384,28.94966,Murat Batmankaya,1,4
Çocuk Esirgeme Kurumu,Ankara,39.91987,32.85427,"M. Türker Acaroğlu, Nezihe Araz",2,3
Çıdam,İstanbul,41.01384,28.94966,İsmet Özel,1,2
Çınar,İstanbul,41.01384,28.94966,"Adnan Tahir Tan, K.- Tarık Dursun",2,4
Çığır,İstanbul,41.01384,28.94966,Reşad Ekrem Koçu,1,6
Öncü,İstanbul,41.01384,28.94966,"Tektaş Ağaoğlu, İbrahim Demirci",2,2
Örgün,İstanbul,41.01384,28.94966,Adnan Tahir Tan,1,1
Öteki,İstanbul,41.01384,28.94966,"Aytekin Karaçoban, A. Mümtaz İdil",2,6
Ötesi,İstanbul,41.01384,28.94966,Ayfer Gürdal Ünal,1,1
Ötüken,İstanbul,41.01384,28.94966,"Halit Fahri Ozansoy, Refik Özdek, Belma Aksun, Dost Körpe, Nejat Muallimoğlu",5,16
Öz,İstanbul,41.01384,28.94966,Mustafa Balel,1,1
Özgür,İstanbul,41.01384,28.94966,Adnan Özer,1,1
Özgür İnsan,Ankara,39.91987,32.85427,M. Bozkurt Güvenç,1,1
Özgürlük Yolu,İstanbul,41.01384,28.94966,Kemal Burkay,1,3
Özvar,Bursa,40.19559,29.06013,Basri Gocul,1,3
ÜNFO,Manisa,38.61202,27.42647,SEYYAHÎ-DEVRANÎ-İMAMOĞLU-SAMİMi-NURİ ŞAHİNOĞLU- Bekir Sami Özsoy,1,1
Ülkü,İstanbul,41.01384,28.94966,"Necdet Rüştü Efe, Faruk Gürtunca",2,5
Ülkü Kitap Yurdu,İstanbul,41.01384,28.94966,Reşad Ekrem Koçu,1,1
Ümit,Ankara,39.91987,32.85427,Leyla Onat,1,1
Üniversite,İstanbul,41.01384,28.94966,Cemil Meriç,1,1
Üçler,Ankara,39.91987,32.85427,Besim Atalay,1,1
İTO,İstanbul,41.01384,28.94966,Turan Koç,1,1
İbrahim Horoz,İstanbul,41.01384,28.94966,"Celal Esat Arseven, Besim Atalay",2,2
İetişim,İstanbul,41.01384,28.94966,Tomris Uyar,1,1
İkbal,İstanbul,41.01384,28.94966,"Mebrure Sami Alevok (Koray), Muazzez Tahsin Berkand, Tuna Baltacıoğlu",3,6
İkbal Kütüphanesi,İstanbul,41.01384,28.94966,"Süleyman Tevfik Özzorluoğlu, İbrahim Alaettin Gövsa, Tahir Olgun, Reşat Nuri Güntekin",4,7
İkdam,İstanbul,41.01384,28.94966,"Ahmet Rasim, Ali Kemal, Hüseyin Rahmi Gürpınar, Abdullah Zühtü, Avanzade Mehmet Süleyman",5,12
İleri,İzmir,38.41273,27.13838,Özdemir Nutku,1,1
İletişim,İstanbul,41.01384,28.94966,"Şerif Kurbanoğlu, Cevat Çapan, Şadan Karadeniz, Tomris Uyar, Cemal Süreya Seber, Hüseyin Hatemi, Ataol Behramoğlu, Mustafa Balel, Pınar Kür, Sevin Okyay, Sami Önal, Osman Akınhay, Münir Göle, Ümit Kıvanç, Kriton Dinçmen, Memet Baydur, Levent Yılmaz, Türker Armaner, Emir Ali Yağan, Fatih Özgüven",20,39
İlkay Ofset,Ankara,39.91987,32.85427,Ataol Behramoğlu,1,1
İlke,İstanbul,41.01384,28.94966,Seyfettin Ünlü,1,1
İlkkaynak,İstanbul,41.01384,28.94966,Leyla Onat,1,19
İlya,İstanbul,41.01384,28.94966,Didem Uslu,1,1
İmge,Ankara,39.91987,32.85427,"Cevat Çapan, Erdal Alova, Ahmet Soysal, Gün Zileli, Korhan Kaya",5,6
İnkılap,İstanbul,41.01384,28.94966,"Reşat Nuri Güntekin, Halit Fahri Ozansoy, Fikret Adil, Selami İzzet Sedes, Muazzez Tahsin Berkand, Cemil Meriç, Belma Aksun, Solmaz Kamuran",8,24
İnsan,İstanbul,41.01384,28.94966,"Hüseyin Hatemi, Cahit Koytak, Hicabi Kırlangıç, Turan Koç",4,9
İnsancıl,İstanbul,41.01384,28.94966,Anıl Meriçelli,1,1
İnsel,İstanbul,41.01384,28.94966,"Abdülgani Seniy Yurtman, Fikret Adil, Adnan Tahir Tan",3,8
İris,İstanbul,41.01384,28.94966,İrfan Yalçın,1,1
İstanbul Basımevi,İstanbul,41.01384,28.94966,Oktay Rifat,1,1
İstanbul Devlet Matbaası,İstanbul,41.01384,28.94966,Hasan Ali Yücel,1,1
İstanbul Devlet Tiyatrosu,İstanbul,41.01384,28.94966,Şükran Yücel,1,1
İstanbul Fetih Cemiyeti İstanbul Enstitüsü,İstanbul,41.01384,28.94966,M. Şevki Yazman,1,1
İstanbul Kitabevi,İstanbul,41.01384,28.94966,Sedat Umran,1,1
İstanbul Matbaa Sanat Enstitüsü,İstanbul,41.01384,28.94966,M. Şevki Yazman,1,1
İstanbul Matbaası,İstanbul,41.01384,28.94966,"Ali Nihad Tarlan, Talat Sait Halman, Asım Bezirci, Refik Özdek, Abdülkadir Meriçboyu",5,5
İstanbul Teknik Üniversitesi Mimarlık Fakültesi Şehircilik Enstitüsü,İstanbul,41.01384,28.94966,M. Şevki Yazman,1,1
İstanbul Yayın Kooperatifi,İstanbul,41.01384,28.94966,M. Türker Acaroğlu,1,1
İstanbul Yayınları,İstanbul,41.01384,28.94966,"Reşat Nuri Güntekin, Salah Birsel",2,2
İstanbul Üniversitesi Edebiyat Fakültesi,İstanbul,41.01384,28.94966,"Ahmet Remzi Akyürek, Hilmi Ziya Ülken, Ali Nihad Tarlan, A. Turan Oflazoğlu, Haldun Taner, Nermi Uygur",6,8
İstanbul Üniversitesi Hukuk Fakültesi İdare Hukuku ve İdare İlimleri Enstitüsü,İstanbul,41.01384,28.94966,Şerif Çavdaroğlu,1,1
İstanbul Şehir Tiyatroları,İstanbul,41.01384,28.94966,Halit Fahri Ozansoy,1,1
İstanbul Şehir Tiyatrosu,İstanbul,41.01384,28.94966,Halit Fahri Ozansoy,1,1
İstiklal,Ankara,39.91987,32.85427,Cahit Beğenç,1,1
İstiklal Matbaası,Ankara,39.91987,32.85427,Suat Taşer,1,1
İthaki,İstanbul,41.01384,28.94966,"Oruç Aruoba, Dost Körpe",2,4
İtimad Kütüphanesi,İstanbul,41.01384,28.94966,Avanzade Mehmet Süleyman,1,1
İtimat Kitabevi,İstanbul,41.01384,28.94966,"Oktay Verel, Afif Yesari",2,2
İyi Şeyler,İstanbul,41.01384,28.94966,"Cevat Çapan, Turgay Gönenç, Gültekin Emre, Gültekin Özkan, Mehmet H. Doğan, Azer Yaran, Metin Cengiz, Suphi Aytimur, Güven Turan, Coşkun Yerli, Kenan Sarıalioğlu",11,28
İz,İstanbul,41.01384,28.94966,"A. Turan Oflazoğlu, Sedat Umran, Turan Koç, MECDİ- Abdülaziz Mecdi Tolun, ŞEMSÎ- Hüseyin Şemsi Ergüneş",5,14
İzlem,İstanbul,41.01384,28.94966,"Burhan Arpad, Asım Bezirci, Güner Sümer",3,3
İşaret,İstanbul,41.01384,28.94966,"Hüseyin Hatemi, Cahit Koytak",2,3
İşıq,"Bakü, Azerbaycan",40.37767,49.89201,Memmed İsmayıl Mürşüt oğlu,1,1
Şahit,İstanbul,41.01384,28.94966,Şahabettin Süleyman,1,1
Şefik,İstanbul,41.01384,28.94966,Erdal Alova,1,1
Şehrameneti,İstanbul,41.01384,28.94966,Celal Esat Arseven,1,1
Şevki Vanlı Mimarlık Vakfı,İstanbul,41.01384,28.94966,Ali Cengizkan,1,1
Şiirden,İstanbul,41.01384,28.94966,Metin Cengiz,1,6
Şimşek,İstanbul,41.01384,28.94966,Sami Önal,1,1
Şule,İstanbul,41.01384,28.94966,"İsmet Özel, A. Ali Ural, M. Mücahit Küçükyılmaz, Murat Batmankaya",4,9
